[{"model": "reviews.location", "pk": 1, "fields": {"location": "제주", "country": true}}, {"model": "reviews.location", "pk": 2, "fields": {"location": "서울", "country": true}}, {"model": "reviews.location", "pk": 3, "fields": {"location": "부산", "country": true}}, {"model": "reviews.location", "pk": 4, "fields": {"location": "강원도", "country": true}}, {"model": "reviews.location", "pk": 5, "fields": {"location": "인천", "country": true}}, {"model": "reviews.location", "pk": 6, "fields": {"location": "충청도", "country": true}}, {"model": "reviews.location", "pk": 7, "fields": {"location": "전라도", "country": true}}, {"model": "reviews.location", "pk": 8, "fields": {"location": "경기도", "country": true}}, {"model": "reviews.location", "pk": 9, "fields": {"location": "미국", "country": false}}, {"model": "reviews.location", "pk": 10, "fields": {"location": "러시아", "country": false}}, {"model": "reviews.location", "pk": 11, "fields": {"location": "스페인", "country": false}}, {"model": "reviews.location", "pk": 12, "fields": {"location": "영국", "country": false}}, {"model": "reviews.location", "pk": 13, "fields": {"location": "일본", "country": false}}, {"model": "reviews.location", "pk": 14, "fields": {"location": "홍콩", "country": false}}, {"model": "reviews.location", "pk": 15, "fields": {"location": "프랑스", "country": false}}, {"model": "reviews.location", "pk": 16, "fields": {"location": "싱가포르", "country": false}}, {"model": "reviews.imagelocation", "pk": 1, "fields": {"location": 1, "image": "images/제주1.jpg"}}, {"model": "reviews.imagelocation", "pk": 2, "fields": {"location": 1, "image": "images/제주2.jpg"}}, {"model": "reviews.imagelocation", "pk": 3, "fields": {"location": 1, "image": "images/제주3.jpg"}}, {"model": "reviews.imagelocation", "pk": 4, "fields": {"location": 2, "image": "images/서울1.jpg"}}, {"model": "reviews.imagelocation", "pk": 5, "fields": {"location": 2, "image": "images/서울2.jpg"}}, {"model": "reviews.imagelocation", "pk": 6, "fields": {"location": 2, "image": "images/서울3.jpg"}}, {"model": "reviews.imagelocation", "pk": 7, "fields": {"location": 3, "image": "images/부산1.jpg"}}, {"model": "reviews.imagelocation", "pk": 8, "fields": {"location": 3, "image": "images/부산2.jpg"}}, {"model": "reviews.imagelocation", "pk": 9, "fields": {"location": 3, "image": "images/부산3.jpg"}}, {"model": "reviews.imagelocation", "pk": 10, "fields": {"location": 4, "image": "images/강원도1.jpg"}}, {"model": "reviews.imagelocation", "pk": 11, "fields": {"location": 4, "image": "images/강원도2.jpg"}}, {"model": "reviews.imagelocation", "pk": 12, "fields": {"location": 4, "image": "images/강원도3.jpg"}}, {"model": "reviews.imagelocation", "pk": 13, "fields": {"location": 5, "image": "images/인천1.jpg"}}, {"model": "reviews.imagelocation", "pk": 14, "fields": {"location": 5, "image": "images/인천2.jpg"}}, {"model": "reviews.imagelocation", "pk": 15, "fields": {"location": 5, "image": "images/인천3.jpg"}}, {"model": "reviews.imagelocation", "pk": 16, "fields": {"location": 6, "image": "images/충청도1.jpg"}}, {"model": "reviews.imagelocation", "pk": 17, "fields": {"location": 6, "image": "images/충청도2.jpg"}}, {"model": "reviews.imagelocation", "pk": 18, "fields": {"location": 6, "image": "images/충청도3.jpg"}}, {"model": "reviews.imagelocation", "pk": 19, "fields": {"location": 7, "image": "images/전라도1.jpg"}}, {"model": "reviews.imagelocation", "pk": 20, "fields": {"location": 7, "image": "images/전라도2.jpg"}}, {"model": "reviews.imagelocation", "pk": 21, "fields": {"location": 7, "image": "images/전라도3.jpg"}}, {"model": "reviews.imagelocation", "pk": 22, "fields": {"location": 8, "image": "images/경기도1.jpg"}}, {"model": "reviews.imagelocation", "pk": 23, "fields": {"location": 8, "image": "images/경기도2.jpg"}}, {"model": "reviews.imagelocation", "pk": 24, "fields": {"location": 8, "image": "images/경기도3.jpg"}}, {"model": "reviews.imagelocation", "pk": 25, "fields": {"location": 9, "image": "images/미국1.jpg"}}, {"model": "reviews.imagelocation", "pk": 26, "fields": {"location": 10, "image": "images/러시아1.jpg"}}, {"model": "reviews.imagelocation", "pk": 27, "fields": {"location": 11, "image": "images/스페인1.jpg"}}, {"model": "reviews.imagelocation", "pk": 28, "fields": {"location": 12, "image": "images/영국1.jpg"}}, {"model": "reviews.imagelocation", "pk": 29, "fields": {"location": 16, "image": "images/싱가포르1.jpg"}}, {"model": "reviews.imagelocation", "pk": 30, "fields": {"location": 15, "image": "images/프랑스1.jpg"}}, {"model": "reviews.imagelocation", "pk": 31, "fields": {"location": 14, "image": "images/홍콩1.jpg"}}, {"model": "reviews.imagelocation", "pk": 32, "fields": {"location": 13, "image": "images/일본1.jpg"}}, {"model": "reviews.hotplace", "pk": 1, "fields": {"location": 2, "hotplace": "서울시청", "addr": "서울특별시 중구 세종대로 110", "x": "126.97839192313545", "y": "37.5668151453554", "theme": "관광", "country": "국내", "content": "서울특별시의 행정을 총괄하는 기관이자 그 기관이 입주한 건물. 줄여서 서울시청이라고도 한다.\r\n\r\n주소는 서울특별시 중구 세종대로 110이다. 행정동 상으로는 명동에 속해있다.\r\n\r\n바로 맞은편에 서울특별시청을 견제하는 서울특별시의회[4]가 있다. 대한민국에서 시청 앞 광장을 말하면 보통 이 곳 앞에 있는 서울광장을 가리킨다.\r\n\r\n흔히 서울시청하면 서울광장 앞에 있는 일제 때부터 있던 본관과 이후 지어진 신관만을 생각하는데 인구 1,000만 명의 거대 도시 서울특별시의 조직을 신관만으로 수용 가능할 리는 당연히 없고, 덕수궁 돌담길 바로 옆에 서소문 청사[5][6], 무교동 청사[7], 남산 청사[8], 청계 청사[9] 등이 따로 있다. 참고로 을지로 별관[10]은 그래뱅 뮤지엄이 들어서게 되었다.", "like_users": [1, 2]}}, {"model": "reviews.hotplace", "pk": 2, "fields": {"location": 2, "hotplace": "남산타워", "addr": "서울 남산타워", "x": "126.98824194789998", "y": "37.551247307510266", "theme": "관광", "country": "국내", "content": "서울특별시 남산에 있는 송신탑이자 서울을 대표하는 랜드마크이다. 정식 명칭은 남산서울타워이며 보통은 남산타워로 불리는 편이다. CJ푸드빌에서 일부 층을 임대하여 운영하는 전망대 및 복합문화공간의 이름인 N서울타워로 불리는 경우도 많다.[6]\r\n\r\n옛 명칭은 서울타워(YTN 서울타워)였으며 2015년 12월에 YTN이 N서울타워 아래층에 복합문화공간인 서울타워플라자를 새로 개장하면서 남산서울타워로 이름이 바뀌었다. 해당 시설의 시공 회사는 현대건설이다.", "like_users": [1]}}, {"model": "reviews.hotplace", "pk": 3, "fields": {"location": 2, "hotplace": "롯데월드", "addr": "서울특별시 송파구 올림픽로 240", "x": "127.09813114638118", "y": "37.511157620635736", "theme": "테마파크", "country": "국내", "content": "서울특별시 송파구에 위치한 쇼핑몰. 더 넓게 보면 롯데월드타워와 롯데월드몰, 롯데월드 아쿠아리움, 롯데워터파크도 포함된다.\r\n\r\n1989년 7월 12일에 실내 테마파크 롯데월드 어드벤처가 정식으로 개장하고, 1990년 3월 24일 호수공원 매직아일랜드가 개장하면서 완전한 모습을 갖추었다. 총 투자 비용은 6,500억원이며, 운영은 롯데그룹의 계열사인 호텔롯데의 월드사업부에서 하고 있다. 서울 지하철 2호선 및 8호선 잠실역과 지하통로로 연결되어 있으며, 3번 출구 및 4번 출구를 통해서도 지상으로 접근이 가능하다. 대한민국에서 최대규모의 쇼핑몰부터 시작해서 영화관, 테마파크까지 자연경관만을 제외한다면 없는게 없는 곳이다. 페라리 월드 다음으로 세계 최대 규모의 실내 테마파크인 어드벤처와 세계에서 다섯번 째로 가장 높은 마천루 빌딩인 롯데타워가 쌍두마차를 이루면서 OECD GDP순위 10위의 경제대국이자 선진국인 한국의 위엄을 보여준다.", "like_users": []}}, {"model": "reviews.hotplace", "pk": 4, "fields": {"location": 1, "hotplace": "우도", "addr": "제주특별자치도 제주시 우도면 우도해안길 70", "x": "126.9515550387004", "y": "33.49283645449629", "theme": "바다", "country": "국내", "content": "제주특별자치도에 소속되어 있는 부속도들 중 1곳이자 제주특별자치도의 최동단.\r\n\r\n제주도에서는 본섬인 제주도를 제외하면 가장 넓다(6.18제곱킬로미터). 명칭은 소(牛)가 옆으로 누워있는 모습과 닮았다고 해서 우도(牛島)로 붙였다고 전한다. 바다 쪽에서 우도봉 쪽을 바라보면 소(牛)가 옆으로 누워 있는 모습과 같다고 한다.\r\n\r\n행정구역은 제주특별자치도 제주시 우도면이며, 면소재지는 우도면에 있는 유일한 법정리인 연평리다. 우도로 들어갈 수 있는 선박은 구좌읍 종달리와 성산읍 성산항에서 배를 타야 되는데, 성산항에서 배가 더 많이 출항해서 우도의 생활권도 사실상 성산읍 쪽이다. 잇달은 영화와 드라마 촬영으로 상당히 유명해졌으며 여름 성수기면 우도로 들어가는 여객선은 발디딜 틈이 없다.[5] 섬 전체가 완전히 관광지화 되었다. 옛 모습을 기억하고 다시 찾았다가 180도 달라진 풍경에 실망하는 경우가 많다. 난개발과 몰려오는 관광객들로 인해 옛 모습이 남은 게 거의 없다.", "like_users": []}}, {"model": "reviews.hotplace", "pk": 5, "fields": {"location": 3, "hotplace": "해운대", "addr": "부산광역시 해운대구 해운대해변로 264", "x": "129.16037409757365", "y": "35.15907806676212", "theme": "관광", "country": "국내", "content": "해운대란 이름은 통일신라시대 말기의 문인이었던 최치원이 현재의 해운대해수욕장 근처를 방문했다가 소나무와 백사장이 어우러진 이곳의 경치에 감탄해 자신의 호인 해운(海雲)에서 따서 붙인 지명이다. 그는 해운대 해변 기준 우측에 위치한 동백섬의 남동쪽 해안 암석에 한자로 '해운대' 석 자를 새겼다고 한다. 지금도 동백섬에 풍화되어가는 오래된 해운대 글씨가 존재하지만 이것이 최치원이 직접 바위에 새긴 원본인지는 확인되지 않았다.", "like_users": []}}, {"model": "reviews.imagehotplace", "pk": 1, "fields": {"hotplace": 1, "image": "images/서울시청_8w7BjRl.jpg"}}, {"model": "reviews.imagehotplace", "pk": 2, "fields": {"hotplace": 2, "image": "images/남산타워_lihqsy4.jpg"}}, {"model": "reviews.imagehotplace", "pk": 3, "fields": {"hotplace": 3, "image": "images/롯데월드.jpg"}}, {"model": "reviews.imagehotplace", "pk": 4, "fields": {"hotplace": 4, "image": "images/우도1.jpg"}}, {"model": "reviews.imagehotplace", "pk": 5, "fields": {"hotplace": 4, "image": "images/우도2.jpg"}}, {"model": "reviews.imagehotplace", "pk": 6, "fields": {"hotplace": 5, "image": "images/해운대1.jpg"}}, {"model": "reviews.imagehotplace", "pk": 7, "fields": {"hotplace": 5, "image": "images/해운대2.jpg"}}, {"model": "reviews.imagehotplace", "pk": 8, "fields": {"hotplace": 5, "image": "images/해운대3.jpg"}}, {"model": "reviews.reviews", "pk": 1, "fields": {"user": 1, "hotplace": 1, "title": "첫 리뷰", "content": "리뷰", "grade": 5, "created_at": "2022-11-06T08:29:20.479Z", "updated_at": "2022-11-06T08:29:20.479Z"}}, {"model": "reviews.reviews", "pk": 2, "fields": {"user": 1, "hotplace": 1, "title": "두 리뷰", "content": "두 리뷰", "grade": 3, "created_at": "2022-11-06T08:53:38.079Z", "updated_at": "2022-11-06T08:53:38.079Z"}}, {"model": "reviews.reviews", "pk": 3, "fields": {"user": 1, "hotplace": 1, "title": "별점테스트", "content": "별점테스트", "grade": 3, "created_at": "2022-11-06T09:59:08.702Z", "updated_at": "2022-11-06T10:00:27.678Z"}}, {"model": "reviews.reviews", "pk": 4, "fields": {"user": 1, "hotplace": 1, "title": "별점 테스트", "content": "별점 테스트", "grade": 5, "created_at": "2022-11-06T10:03:23.552Z", "updated_at": "2022-11-06T10:04:30.274Z"}}, {"model": "reviews.reviews", "pk": 5, "fields": {"user": 2, "hotplace": 2, "title": "남산후기1", "content": "남산후기1", "grade": 5, "created_at": "2022-11-06T14:13:26.152Z", "updated_at": "2022-11-06T14:13:26.152Z"}}, {"model": "reviews.reviews", "pk": 6, "fields": {"user": 2, "hotplace": 2, "title": "남산후기2", "content": "남산후기2", "grade": 2, "created_at": "2022-11-06T14:14:06.997Z", "updated_at": "2022-11-06T14:14:06.997Z"}}, {"model": "reviews.reviews", "pk": 7, "fields": {"user": 2, "hotplace": 2, "title": "남산후기3", "content": "남산후기3", "grade": 4, "created_at": "2022-11-06T14:14:17.760Z", "updated_at": "2022-11-06T14:14:17.760Z"}}, {"model": "reviews.reviews", "pk": 8, "fields": {"user": 2, "hotplace": 3, "title": "롯데월드 다녀왔어요!", "content": "너무너무 재밌었습니다.", "grade": 5, "created_at": "2022-11-06T15:53:58.095Z", "updated_at": "2022-11-06T15:53:58.095Z"}}, {"model": "reviews.reviews", "pk": 9, "fields": {"user": 2, "hotplace": 4, "title": "우도 후기", "content": "우도 후기", "grade": 5, "created_at": "2022-11-06T17:41:45.661Z", "updated_at": "2022-11-06T17:41:45.661Z"}}, {"model": "reviews.reviews", "pk": 10, "fields": {"user": 1, "hotplace": 1, "title": "더보기 테스트", "content": "Lorem ipsum dolor, sit amet consectetur adipisicing elit. Quae officia accusantium minima deserunt, provident voluptate adipisci quibusdam ducimus laborum a excepturi neque, enim consectetur facilis suscipit, perferendis laudantium. Totam, id.", "grade": 1, "created_at": "2022-11-07T01:35:59.596Z", "updated_at": "2022-11-07T01:35:59.597Z"}}, {"model": "reviews.reviews", "pk": 11, "fields": {"user": 1, "hotplace": 1, "title": "더보기 테스트", "content": "Lorem ipsum dolor, sit amet consectetur adipisicing elit. Quae officia accusantium minima deserunt, provident voluptate adipisci quibusdam ducimus laborum a excepturi neque, enim consectetur facilis suscipit, perferendis laudantium. Totam, id.", "grade": 2, "created_at": "2022-11-07T06:21:04.716Z", "updated_at": "2022-11-07T06:21:04.716Z"}}, {"model": "reviews.reviews", "pk": 12, "fields": {"user": 1, "hotplace": 1, "title": "페이지네이션 테스트", "content": "테스트", "grade": 4, "created_at": "2022-11-07T08:21:03.248Z", "updated_at": "2022-11-07T08:21:03.249Z"}}, {"model": "reviews.imagereviews", "pk": 1, "fields": {"reviews": 1, "image": "images/서울시청_gq89xAM.jpg"}}, {"model": "reviews.imagereviews", "pk": 2, "fields": {"reviews": 2, "image": "images/서울시청_DKSJYZq.jpg"}}, {"model": "reviews.imagereviews", "pk": 3, "fields": {"reviews": 3, "image": "images/홍콩1_fBOnItl.jpg"}}, {"model": "reviews.imagereviews", "pk": 4, "fields": {"reviews": 5, "image": "images/남산타워_evOJTfS.jpg"}}, {"model": "reviews.imagereviews", "pk": 5, "fields": {"reviews": 6, "image": "images/남산타워_MHs5sW8.jpg"}}, {"model": "reviews.imagereviews", "pk": 6, "fields": {"reviews": 7, "image": "images/남산타워_P8kBHih.jpg"}}, {"model": "reviews.imagereviews", "pk": 7, "fields": {"reviews": 8, "image": "images/롯데월드2.jpg"}}, {"model": "reviews.imagereviews", "pk": 8, "fields": {"reviews": 9, "image": "images/우도2_PT4ZxOs.jpg"}}]